variant,when,rules,v_limit,n_train,n_test,lgb_mae,lgb_r2,lgb_tail_mae,tail_n,naive_mae,persist_mae,vtest_std,n_regions,regions_excluded_far,notes,coverage_core,core_mae,tail_frozen_n_kept,tail_frozen_mae,pos_err_med,pos_err_p90
v0-baseline,2026-08-21T19:50:04,"[[""structure_mask"", {}], [""min_samples_survey"", {""min_n"": 12}]]",50.0,4695,1174,3.9879,0.3349,8.2979,245,4.6747,8.399,9.2155,10437,579.0,parity with 20260820-hybrid-masked,,,,,,
v0-baseline,2026-08-21T19:51:04,"[[""structure_mask"", {}], [""min_samples_survey"", {""min_n"": 12}]]",50.0,4695,1174,3.9879,0.3349,8.2979,245,4.6747,8.399,9.2155,10437,579.0,parity with 20260820-hybrid-masked,1.0,3.9879,245.0,8.2979,,
v1-maze-survey,2026-08-21T19:51:43,"[[""structure_mask"", {}], [""min_samples_survey"", {""min_n"": 12}], [""maze_survey"", {""max_ratio"": 1.8}]]",50.0,4426,1082,3.2894,0.3601,7.0621,199,3.9603,7.4485,7.8552,10193,375.0,drop surveys with line length > 1.8x region,0.9216,3.2894,208.0,6.7141,,
v2-tortuosity,2026-08-21T19:52:23,"[[""structure_mask"", {}], [""min_samples_survey"", {""min_n"": 12}], [""max_tortuosity_line"", {""max_tort"": 3.0}]]",50.0,4645,1148,3.673,0.318,7.6708,231,4.2732,7.7911,8.5923,10429,494.0,drop wandering lines (tort > 3),0.9779,3.673,232.0,7.7288,,
v3-multiline,2026-08-21T19:53:05,"[[""structure_mask"", {}], [""min_samples_survey"", {""min_n"": 12}], [""multiline_far_line"", {""gap"": 25.0, ""ratio"": 1.5}]]",50.0,4713,1174,3.8652,0.3147,8.3634,244,4.5653,8.1719,8.9604,10463,553.0,two-banks surveys: keep history-consistent group,1.0,3.8652,245.0,8.2812,,
v4-temporal,2026-08-21T19:53:45,"[[""structure_mask"", {}], [""min_samples_survey"", {""min_n"": 12}], [""temporal_outlier_survey"", {""max_dev"": 30.0, ""min_surveys"": 4}]]",50.0,4836,1166,3.1561,0.2614,6.8572,228,3.622,6.6262,7.1515,10815,176.0,drop surveys deviating > 30 m from region history,0.9932,3.1561,239.0,6.4851,,
v5-fragment,2026-08-21T19:54:24,"[[""structure_mask"", {}], [""min_samples_survey"", {""min_n"": 12}], [""fragment_survey"", {""min_cov"": 0.3}]]",50.0,4561,1131,3.4852,0.3934,7.7349,229,4.2635,7.9007,8.5613,10446,454.0,drop surveys covering < 30% of stations,0.9634,3.4852,231.0,7.5098,,
v6-nearbank,2026-08-21T19:55:04,"[[""structure_mask"", {}], [""min_samples_survey"", {""min_n"": 12}], [""near_bank_line"", {""frac"": 0.25, ""min_ref"": 30.0}]]",50.0,4701,1173,3.8172,0.3502,8.0418,244,4.5203,8.2127,8.954,10457,559.0,drop mid-channel lines,0.9991,3.8172,245.0,8.0129,,
c1-temporal-maze,2026-08-21T19:56:50,"[[""structure_mask"", {}], [""maze_survey"", {""max_ratio"": 1.8}], [""min_samples_survey"", {""min_n"": 12}], [""temporal_outlier_survey"", {""max_dev"": 30.0, ""min_surveys"": 4}]]",50.0,4502,1079,2.5484,0.3027,5.5619,189,2.9756,5.7825,6.0137,10422,119.0,temporal repair + maze,0.9191,2.5484,206.0,5.0755,,
c2-plus-fragment,2026-08-21T19:57:24,"[[""structure_mask"", {}], [""maze_survey"", {""max_ratio"": 1.8}], [""fragment_survey"", {""min_cov"": 0.3}], [""min_samples_survey"", {""min_n"": 12}], [""temporal_outlier_survey"", {""max_dev"": 30.0, ""min_surveys"": 4}]]",50.0,4325,1037,2.3725,0.3419,5.1954,178,2.8232,5.4461,5.6523,10275,64.0,c1 + fragment,0.8833,2.3725,193.0,4.8299,,
c3-plus-linerules,2026-08-21T19:57:58,"[[""structure_mask"", {}], [""max_tortuosity_line"", {""max_tort"": 3.0}], [""near_bank_line"", {""frac"": 0.25, ""min_ref"": 30.0}], [""maze_survey"", {""max_ratio"": 1.8}], [""fragment_survey"", {""min_cov"": 0.3}], [""min_samples_survey"", {""min_n"": 12}], [""temporal_outlier_survey"", {""max_dev"": 30.0, ""min_surveys"": 4}]]",50.0,4297,1026,2.2165,0.3653,4.9059,171,2.6826,5.2237,5.4209,10212,60.0,c2 + tortuosity/near-bank,0.8739,2.2165,188.0,4.4375,,
c2-maze2.2,2026-08-21T19:58:34,"[[""structure_mask"", {}], [""maze_survey"", {""max_ratio"": 2.2}], [""fragment_survey"", {""min_cov"": 0.3}], [""min_samples_survey"", {""min_n"": 12}], [""temporal_outlier_survey"", {""max_dev"": 30.0, ""min_surveys"": 4}]]",50.0,4505,1085,2.6215,0.3251,5.9383,193,3.0565,5.9676,6.1465,10533,84.0,softer maze for coverage,0.9242,2.6215,212.0,5.3929,,
c2-dev20,2026-08-21T19:59:07,"[[""structure_mask"", {}], [""maze_survey"", {""max_ratio"": 1.8}], [""fragment_survey"", {""min_cov"": 0.3}], [""min_samples_survey"", {""min_n"": 12}], [""temporal_outlier_survey"", {""max_dev"": 20.0, ""min_surveys"": 4}]]",50.0,4307,1031,2.1102,0.3285,4.3706,167,2.4724,4.7042,4.8116,10274,57.0,stricter temporal repair,0.8782,2.1102,189.0,3.8318,,
c2-dev50,2026-08-21T19:59:41,"[[""structure_mask"", {}], [""maze_survey"", {""max_ratio"": 1.8}], [""fragment_survey"", {""min_cov"": 0.3}], [""min_samples_survey"", {""min_n"": 12}], [""temporal_outlier_survey"", {""max_dev"": 50.0, ""min_surveys"": 4}]]",50.0,4325,1038,2.5482,0.4127,5.5198,181,3.1869,6.2137,6.5294,10256,96.0,looser temporal repair,0.8842,2.5482,193.0,5.1728,,
c2-noregionfilter,2026-08-21T20:00:15,"[[""structure_mask"", {}], [""maze_survey"", {""max_ratio"": 1.8}], [""fragment_survey"", {""min_cov"": 0.3}], [""min_samples_survey"", {""min_n"": 12}], [""temporal_outlier_survey"", {""max_dev"": 30.0, ""min_surveys"": 4}]]",,4344,1037,2.4204,0.3309,5.3817,178,2.8214,5.4461,6.5487,10339,0.0,"repair only, no |v|>50 exclusion",0.8833,2.4204,193.0,4.998,,
d1-iqr5,2026-08-21T20:02:00,"[[""structure_mask"", {}], [""max_tortuosity_line"", {""max_tort"": 3.0}], [""near_bank_line"", {""frac"": 0.25, ""min_ref"": 30.0}], [""maze_survey"", {""max_ratio"": 1.8, ""min_iqr"": 5.0}], [""fragment_survey"", {""min_cov"": 0.3}], [""min_samples_survey"", {""min_n"": 12}], [""temporal_outlier_survey"", {""max_dev"": 20.0, ""min_surveys"": 4}]]",50.0,4315,1026,2.0132,0.3388,4.1245,165,2.4155,4.5863,4.7377,10291,53.0,maze needs IQR > 5 m,0.8739,2.0132,188.0,3.5311,,
d2-iqr10,2026-08-21T20:02:35,"[[""structure_mask"", {}], [""max_tortuosity_line"", {""max_tort"": 3.0}], [""near_bank_line"", {""frac"": 0.25, ""min_ref"": 30.0}], [""maze_survey"", {""max_ratio"": 1.8, ""min_iqr"": 10.0}], [""fragment_survey"", {""min_cov"": 0.3}], [""min_samples_survey"", {""min_n"": 12}], [""temporal_outlier_survey"", {""max_dev"": 20.0, ""min_surveys"": 4}]]",50.0,4373,1049,2.0758,0.3423,4.1225,174,2.4614,4.6584,4.8009,10360,50.0,maze needs IQR > 10 m,0.8935,2.0758,195.0,3.6374,,
d3-iqr20,2026-08-21T20:03:11,"[[""structure_mask"", {}], [""max_tortuosity_line"", {""max_tort"": 3.0}], [""near_bank_line"", {""frac"": 0.25, ""min_ref"": 30.0}], [""maze_survey"", {""max_ratio"": 1.8, ""min_iqr"": 20.0}], [""fragment_survey"", {""min_cov"": 0.3}], [""min_samples_survey"", {""min_n"": 12}], [""temporal_outlier_survey"", {""max_dev"": 20.0, ""min_surveys"": 4}]]",50.0,4480,1078,2.1964,0.3689,4.4103,184,2.6302,5.0001,5.0855,10490,45.0,maze needs IQR > 20 m,0.9182,2.1964,207.0,3.8132,,
d4-iqr10-dev15,2026-08-21T20:03:46,"[[""structure_mask"", {}], [""max_tortuosity_line"", {""max_tort"": 3.0}], [""near_bank_line"", {""frac"": 0.25, ""min_ref"": 30.0}], [""maze_survey"", {""max_ratio"": 1.8, ""min_iqr"": 10.0}], [""fragment_survey"", {""min_cov"": 0.3}], [""min_samples_survey"", {""min_n"": 12}], [""temporal_outlier_survey"", {""max_dev"": 15.0, ""min_surveys"": 4}]]",50.0,4353,1043,1.9694,0.3145,3.8788,173,2.3195,4.3781,4.5544,10351,49.0,stricter repair,0.8884,1.9694,194.0,3.4096,,
d5-iqr10-dev30,2026-08-21T20:04:21,"[[""structure_mask"", {}], [""max_tortuosity_line"", {""max_tort"": 3.0}], [""near_bank_line"", {""frac"": 0.25, ""min_ref"": 30.0}], [""maze_survey"", {""max_ratio"": 1.8, ""min_iqr"": 10.0}], [""fragment_survey"", {""min_cov"": 0.3}], [""min_samples_survey"", {""min_n"": 12}], [""temporal_outlier_survey"", {""max_dev"": 30.0, ""min_surveys"": 4}]]",50.0,4391,1053,2.2517,0.3721,4.7391,182,2.7302,5.2785,5.4937,10364,57.0,looser repair,0.8969,2.2517,198.0,4.399,,
d6-minsurveys3,2026-08-21T20:04:56,"[[""structure_mask"", {}], [""max_tortuosity_line"", {""max_tort"": 3.0}], [""near_bank_line"", {""frac"": 0.25, ""min_ref"": 30.0}], [""maze_survey"", {""max_ratio"": 1.8, ""min_iqr"": 10.0}], [""fragment_survey"", {""min_cov"": 0.3}], [""min_samples_survey"", {""min_n"": 12}], [""temporal_outlier_survey"", {""max_dev"": 20.0, ""min_surveys"": 3}]]",50.0,4322,1040,1.9188,0.4172,3.8088,169,2.3343,4.4668,4.5025,10377,33.0,repair 3-survey regions too,0.8859,1.9188,191.0,3.4608,,
d7-noregionfilter,2026-08-21T20:05:30,"[[""structure_mask"", {}], [""max_tortuosity_line"", {""max_tort"": 3.0}], [""near_bank_line"", {""frac"": 0.25, ""min_ref"": 30.0}], [""maze_survey"", {""max_ratio"": 1.8, ""min_iqr"": 10.0}], [""fragment_survey"", {""min_cov"": 0.3}], [""min_samples_survey"", {""min_n"": 12}], [""temporal_outlier_survey"", {""max_dev"": 20.0, ""min_surveys"": 4}]]",,4382,1049,2.1089,0.3098,4.2793,174,2.4588,4.6584,5.5284,10410,0.0,"best recipe, no |v| exclusion",0.8935,2.1089,195.0,3.7232,,
e1-detrend-dev20,2026-08-21T20:06:59,"[[""structure_mask"", {}], [""max_tortuosity_line"", {""max_tort"": 3.0}], [""near_bank_line"", {""frac"": 0.25, ""min_ref"": 30.0}], [""maze_survey"", {""max_ratio"": 1.8, ""min_iqr"": 20.0}], [""fragment_survey"", {""min_cov"": 0.3}], [""min_samples_survey"", {""min_n"": 12}], [""temporal_outlier_survey"", {""max_dev"": 20.0, ""min_surveys"": 4, ""detrend"": true}]]",50.0,4480,1078,2.2645,0.3393,4.6817,187,2.6704,5.0801,5.2075,10477,61.0,"detrended repair, dev 20",0.9182,2.2645,208.0,4.1775,,
e2-detrend-dev15,2026-08-21T20:07:38,"[[""structure_mask"", {}], [""max_tortuosity_line"", {""max_tort"": 3.0}], [""near_bank_line"", {""frac"": 0.25, ""min_ref"": 30.0}], [""maze_survey"", {""max_ratio"": 1.8, ""min_iqr"": 20.0}], [""fragment_survey"", {""min_cov"": 0.3}], [""min_samples_survey"", {""min_n"": 12}], [""temporal_outlier_survey"", {""max_dev"": 15.0, ""min_surveys"": 4, ""detrend"": true}]]",50.0,4460,1072,2.1616,0.3161,4.609,183,2.5379,4.7435,5.0023,10477,55.0,"detrended repair, dev 15",0.9131,2.1616,205.0,3.9715,,
e3-detrend-dev15-ms3,2026-08-21T20:08:17,"[[""structure_mask"", {}], [""max_tortuosity_line"", {""max_tort"": 3.0}], [""near_bank_line"", {""frac"": 0.25, ""min_ref"": 30.0}], [""maze_survey"", {""max_ratio"": 1.8, ""min_iqr"": 20.0}], [""fragment_survey"", {""min_cov"": 0.3}], [""min_samples_survey"", {""min_n"": 12}], [""temporal_outlier_survey"", {""max_dev"": 15.0, ""min_surveys"": 3, ""detrend"": true}]]",50.0,4421,1060,2.0339,0.3455,4.2038,178,2.4136,4.5918,4.7539,10483,49.0,e2 + 3-survey regions,0.9029,2.0339,200.0,3.7216,,
e4-e2-minn8,2026-08-21T20:08:58,"[[""structure_mask"", {}], [""max_tortuosity_line"", {""max_tort"": 3.0}], [""near_bank_line"", {""frac"": 0.25, ""min_ref"": 30.0}], [""maze_survey"", {""max_ratio"": 1.8, ""min_iqr"": 20.0}], [""fragment_survey"", {""min_cov"": 0.3}], [""min_samples_survey"", {""min_n"": 8}], [""temporal_outlier_survey"", {""max_dev"": 15.0, ""min_surveys"": 4, ""detrend"": true}]]",50.0,4720,1076,2.1397,0.3193,4.2907,184,2.5293,4.6677,5.0197,10970,55.0,e2 + relaxed survival rule,0.9165,2.1397,208.0,3.7501,,
e5-e2-frag02,2026-08-21T20:09:38,"[[""structure_mask"", {}], [""max_tortuosity_line"", {""max_tort"": 3.0}], [""near_bank_line"", {""frac"": 0.25, ""min_ref"": 30.0}], [""maze_survey"", {""max_ratio"": 1.8, ""min_iqr"": 20.0}], [""fragment_survey"", {""min_cov"": 0.2}], [""min_samples_survey"", {""min_n"": 12}], [""temporal_outlier_survey"", {""max_dev"": 15.0, ""min_surveys"": 4, ""detrend"": true}]]",50.0,4507,1084,2.1621,0.3177,4.4877,185,2.5396,4.7686,5.0593,10514,66.0,e2 + relaxed fragment,0.9233,2.1621,206.0,3.8692,,
e6-coverage-max,2026-08-21T20:10:20,"[[""structure_mask"", {}], [""max_tortuosity_line"", {""max_tort"": 3.0}], [""near_bank_line"", {""frac"": 0.25, ""min_ref"": 30.0}], [""maze_survey"", {""max_ratio"": 1.8, ""min_iqr"": 20.0}], [""fragment_survey"", {""min_cov"": 0.25}], [""min_samples_survey"", {""min_n"": 8}], [""temporal_outlier_survey"", {""max_dev"": 15.0, ""min_surveys"": 3, ""detrend"": true}]]",50.0,4703,1072,2.0522,0.3675,4.1055,182,2.4429,4.5933,4.876,11003,48.0,coverage kitchen sink,0.9131,2.0522,204.0,3.5977,,
e7-detrend-dev10,2026-08-21T20:10:58,"[[""structure_mask"", {}], [""max_tortuosity_line"", {""max_tort"": 3.0}], [""near_bank_line"", {""frac"": 0.25, ""min_ref"": 30.0}], [""maze_survey"", {""max_ratio"": 1.8, ""min_iqr"": 20.0}], [""fragment_survey"", {""min_cov"": 0.3}], [""min_samples_survey"", {""min_n"": 12}], [""temporal_outlier_survey"", {""max_dev"": 10.0, ""min_surveys"": 4, ""detrend"": true}]]",50.0,4396,1059,2.0323,0.2777,4.232,180,2.3553,4.2686,4.6418,10460,53.0,how strict can detrended go,0.902,2.0323,198.0,3.4571,,
e8-final-protected,2026-08-21T20:23:26,"[[""structure_mask"", {}], [""max_tortuosity_line"", {""max_tort"": 3.0}], [""near_bank_line"", {""frac"": 0.25, ""min_ref"": 30.0}], [""maze_survey"", {""max_ratio"": 1.8, ""min_iqr"": 20.0}], [""fragment_survey"", {""min_cov"": 0.25}], [""min_samples_survey"", {""min_n"": 8}], [""temporal_outlier_survey"", {""max_dev"": 15.0, ""min_surveys"": 3, ""detrend"": true, ""protect_min_years"": 3}]]",50.0,4826,1099,2.2696,0.3056,4.544,193,2.665,4.904,5.6502,10948,139.0,e6 + temporal rule never drops a region below 3 years,0.9361,2.2696,219.0,3.9763,,
g1-sanity-e8path,2026-08-21T23:49:50,"{""track"": 2, ""features"": ""base"", ""training"": ""standard"", ""target"": ""year""}",50.0,4826,1099,2.2696,0.3056,4.544,193,2.665,4.904,5.6502,5925,139.0,must reproduce e8,0.9361,2.2696,219.0,3.9763,,
g2-trajfeats,2026-08-21T23:49:58,"{""track"": 2, ""features"": ""traj"", ""training"": ""standard"", ""target"": ""year""}",50.0,4826,1099,2.1892,0.3635,4.3235,193,2.665,4.904,5.6502,5925,139.0,Theil-Sen history features,0.9361,2.1892,219.0,3.7734,,
g3-pairwise,2026-08-21T23:51:07,"{""track"": 2, ""features"": ""traj"", ""training"": ""pairwise"", ""target"": ""year""}",50.0,5902,1099,2.1223,0.3897,4.1774,193,2.667,4.904,6.0464,5925,139.0,all increments as training rows,0.9361,2.1223,219.0,3.729,,
g4-datetrue-base,2026-08-21T23:51:15,"{""track"": 2, ""features"": ""base"", ""training"": ""standard"", ""target"": ""date""}",50.0,4826,1099,2.8627,0.3331,4.9135,237,3.4473,5.5149,7.2782,5925,139.0,"date-true target, baseline",0.9361,2.8627,219.0,4.9067,,
g5-datetrue-traj,2026-08-21T23:51:24,"{""track"": 2, ""features"": ""traj"", ""training"": ""standard"", ""target"": ""date""}",50.0,4826,1099,2.7345,0.3983,4.8915,237,3.4473,5.5149,7.2782,5925,139.0,date-true + traj features,0.9361,2.7345,219.0,4.7838,,
g6-datetrue-pairwise,2026-08-21T23:51:38,"{""track"": 2, ""features"": ""traj"", ""training"": ""pairwise"", ""target"": ""date""}",50.0,5902,1099,2.8496,0.2675,5.6213,237,3.3769,5.5149,6.3523,5925,139.0,everything on,0.9361,2.8496,219.0,5.4189,,
h1-survey,2026-08-21T23:55:12,"{""track"": 2, ""features"": ""traj"", ""training"": ""survey"", ""target"": ""year"", ""min_span"": 0.4, ""all_pairs"": false, ""weight"": false, ""objective"": null}",50.0,6989,1099,2.396,0.2616,4.5425,193,2.9158,4.904,9.2822,5917,139.0,"consecutive survey increments, span >= 0.4 yr",0.9361,2.396,219.0,3.9271,,
h2-survey-weighted,2026-08-21T23:55:27,"{""track"": 2, ""features"": ""traj"", ""training"": ""survey"", ""target"": ""year"", ""min_span"": 0.4, ""all_pairs"": false, ""weight"": true, ""objective"": null}",50.0,6989,1099,2.437,0.2375,4.5146,193,2.9158,4.904,9.2822,5917,139.0,h1 + span-proportional sample weight,0.9361,2.437,219.0,4.0083,,
h3-survey-allpairs,2026-08-21T23:55:51,"{""track"": 2, ""features"": ""traj"", ""training"": ""survey"", ""target"": ""year"", ""min_span"": 0.8, ""all_pairs"": true, ""weight"": true, ""objective"": null}",50.0,14921,1099,2.305,0.2818,5.2256,193,2.6915,4.904,5.7871,5682,139.0,"all forward pairs, span >= 0.8 yr, weighted",0.9361,2.305,219.0,4.4647,,
h4-survey-huber,2026-08-21T23:56:07,"{""track"": 2, ""features"": ""traj"", ""training"": ""survey"", ""target"": ""year"", ""min_span"": 0.4, ""all_pairs"": false, ""weight"": true, ""objective"": ""huber""}",50.0,6989,1099,2.2707,0.2342,5.1952,193,2.9158,4.904,9.2822,5917,139.0,h2 + huber objective,0.9361,2.2707,219.0,4.4281,,
h5-yearpair-huber,2026-08-21T23:56:22,"{""track"": 2, ""features"": ""traj"", ""training"": ""pairwise"", ""target"": ""year"", ""min_span"": 0.4, ""all_pairs"": false, ""weight"": false, ""objective"": ""huber""}",50.0,5902,1099,2.068,0.3146,4.7456,193,2.667,4.904,6.0464,5925,139.0,g3 + huber objective (isolate objective effect),0.9361,2.068,219.0,4.0811,,
i1-traj2,2026-08-21T23:57:49,"{""track"": 2, ""features"": ""traj2"", ""training"": ""standard"", ""target"": ""year"", ""min_span"": 0.4, ""all_pairs"": false, ""weight"": false, ""objective"": null}",50.0,4826,1099,2.1334,0.3748,4.1755,193,2.665,4.904,5.6502,5925,139.0,g2 + mean-reversion/recency features,0.9361,2.1334,219.0,3.6172,,
i2-traj2-pairwise,2026-08-21T23:58:04,"{""track"": 2, ""features"": ""traj2"", ""training"": ""pairwise"", ""target"": ""year"", ""min_span"": 0.4, ""all_pairs"": false, ""weight"": false, ""objective"": null}",50.0,5902,1099,2.1194,0.3962,4.0741,193,2.667,4.904,6.0464,5925,139.0,g3 + mean-reversion/recency features,0.9361,2.1194,219.0,3.6661,,
j1-R2,2026-08-22T01:38:58,"{""track"": 3, ""R"": 2, ""features"": ""base"", ""oracle_mae"": 0.539}",50.0,9475,2161,2.0998,0.3372,4.3035,364,2.5145,4.6277,5.3295,1099,0.0,two scalars per region,0.9361,2.3102,219.0,3.7552,,
j2-R5,2026-08-22T01:41:49,"{""track"": 3, ""R"": 5, ""features"": ""base"", ""oracle_mae"": 0.6684}",50.0,22462,5184,1.9902,0.3941,4.1711,830,2.4004,4.4048,4.9628,1099,0.0,five scalars per region,0.9361,2.2397,219.0,3.9362,,
j3-R10,2026-08-22T01:47:20,"{""track"": 3, ""R"": 10, ""features"": ""base"", ""oracle_mae"": 0.6891}",50.0,42963,9929,1.9618,0.3832,4.1476,1597,2.3871,4.3844,4.8674,1099,0.0,ten scalars per region,0.9361,2.2224,219.0,4.093,,
j4-R2-traj2,2026-08-22T01:48:38,"{""track"": 3, ""R"": 2, ""features"": ""traj2"", ""oracle_mae"": 0.539}",50.0,9475,2161,2.0319,0.4061,4.0394,364,2.5145,4.6277,5.3295,1099,0.0,R2 + segment trajectory features,0.9361,2.2243,219.0,3.4951,,
j5-R5-traj2,2026-08-22T01:51:40,"{""track"": 3, ""R"": 5, ""features"": ""traj2"", ""oracle_mae"": 0.6684}",50.0,22462,5184,1.8791,0.4419,3.8963,830,2.4004,4.4048,4.9628,1099,0.0,R5 + segment trajectory features,0.9361,2.1486,219.0,3.7846,,
j6-R10-traj2,2026-08-22T01:57:21,"{""track"": 3, ""R"": 10, ""features"": ""traj2"", ""oracle_mae"": 0.6891}",50.0,42963,9929,1.8655,0.4255,3.9084,1597,2.3871,4.3844,4.8674,1099,0.0,R10 + segment trajectory features,0.9361,2.1346,219.0,3.8839,,
e9-water-mask,2026-08-22T13:09:48,"[[""structure_mask"", {}], [""max_tortuosity_line"", {""max_tort"": 3.0}], [""near_bank_line"", {""frac"": 0.25, ""min_ref"": 30.0}], [""maze_survey"", {""max_ratio"": 1.8, ""min_iqr"": 20.0}], [""fragment_survey"", {""min_cov"": 0.25}], [""min_samples_survey"", {""min_n"": 8}], [""temporal_outlier_survey"", {""max_dev"": 15.0, ""min_surveys"": 3, ""detrend"": true, ""protect_min_years"": 3}]]",50.0,4821,1095,2.2625,0.2864,4.6279,192,2.6731,4.9047,5.7252,10945,123.0,"e8 + secondary-water mask (vegetatielegger Water, no-centreline parts)",0.9327,2.2625,218.0,3.9832,,
e9b-water-no-maze,2026-08-22T13:11:29,"[[""structure_mask"", {}], [""max_tortuosity_line"", {""max_tort"": 3.0}], [""near_bank_line"", {""frac"": 0.25, ""min_ref"": 30.0}], [""fragment_survey"", {""min_cov"": 0.25}], [""min_samples_survey"", {""min_n"": 8}], [""temporal_outlier_survey"", {""max_dev"": 15.0, ""min_surveys"": 3, ""detrend"": true, ""protect_min_years"": 3}]]",50.0,4967,1117,2.5225,0.2479,5.5476,204,2.9135,5.2804,6.3964,11064,196.0,water mask replaces the maze heuristic entirely,0.9514,2.5225,225.0,4.8855,,
e10-gully-mask,2026-08-22T13:38:41,"[[""structure_mask"", {}], [""max_tortuosity_line"", {""max_tort"": 3.0}], [""near_bank_line"", {""frac"": 0.25, ""min_ref"": 30.0}], [""maze_survey"", {""max_ratio"": 1.8, ""min_iqr"": 20.0}], [""fragment_survey"", {""min_cov"": 0.25}], [""min_samples_survey"", {""min_n"": 8}], [""temporal_outlier_survey"", {""max_dev"": 15.0, ""min_surveys"": 3, ""detrend"": true, ""protect_min_years"": 3}]]",50.0,4691,1064,2.2762,0.311,4.7303,184,2.6689,4.8964,5.5319,10614,71.0,kribben + secondary water + new_in_hybrid gully polygons,0.9063,2.2762,208.0,3.9654,,
k1-H2-single,2026-08-22T13:39:34,"{""track"": ""horizon"", ""notes_cfg"": ""H=2, latest origin only""}",50.0,3060,715,1.3803,0.2767,3.3955,72,1.7721,4.2858,,3775,,"H=2, latest origin only",,,106.0,2.5875,1.4412,6.9604
k2-H2-multi,2026-08-22T13:39:39,"{""track"": ""horizon"", ""notes_cfg"": ""H=2, all >=2yr origin/end pairs""}",50.0,3060,715,1.3803,0.2767,3.3955,72,1.7721,4.2858,,3775,,"H=2, all >=2yr origin/end pairs",,,106.0,2.5875,1.4412,6.9604
k3-H3-single,2026-08-22T13:39:42,"{""track"": ""horizon"", ""notes_cfg"": ""H=3, latest origin only""}",50.0,1219,297,1.0659,0.0501,4.4881,15,1.0343,1.4954,,1516,,"H=3, latest origin only",,,15.0,4.4881,1.0312,7.5489
k4-H3-multi,2026-08-22T13:39:45,"{""track"": ""horizon"", ""notes_cfg"": ""H=3, all >=3yr pairs""}",50.0,1219,297,1.0659,0.0501,4.4881,15,1.0343,1.4954,,1516,,"H=3, all >=3yr pairs",,,15.0,4.4881,1.0312,7.5489
k5-H2-multi-w,2026-08-22T13:39:50,"{""track"": ""horizon"", ""notes_cfg"": ""k2 + span weighting""}",50.0,3060,715,1.3705,0.2777,3.1142,72,1.7721,4.2858,,3775,,k2 + span weighting,,,106.0,2.4981,1.3521,6.9603
